,favs_lognorm
0,0.525692641315
1,-0.711243626625
2,0.242540543651
3,0.532398355593
4,0.944594294203
5,0.691693001838
6,0.616968853487
7,0.434609706885
8,2.02812353162
9,0.130368984185
10,0.337553078403
11,0.321613211027
12,-0.021009548304
13,-0.373305597113
14,0.576341424652
15,0.8561175941
16,0.563677216559
17,0.0832709495411
18,-0.197538473136
19,-0.0649968706185
20,0.357164784942
21,-0.866024058617
22,0.273492325513
23,0.591672699054
24,-0.0898264047116
25,-0.0646511912425
26,0.377406799237
27,0.36704323091
28,0.17895364684
29,0.123588684974
30,0.250812403363
31,0.0729192041514
32,-0.113986846351
33,0.0471454085655
34,0.956617690307
35,0.115546206922
36,-0.0840652285723
37,0.249560866145
38,0.780439732731
39,0.0253427534781
40,1.35619702364
41,-0.440411138923
42,-0.364448880957
43,0.486776361343
44,0.348642569711
45,-0.289730160722
46,-0.466683048672
47,0.0977946495579
48,0.0587201369816
49,0.78523302952
50,0.105722387639
51,-0.12874371034
52,1.70114770897
53,0.736638722914
54,1.12706020534
55,0.594761136897
56,-0.332259916829
57,0.470966127363
58,0.299240565733
59,1.08593163095
60,-1.35219182557
61,0.279188590488
62,-0.689954650638
63,-0.478677857528
64,0.548480337547
65,-0.064084047139
66,0.780913643437
67,0.137552290299
68,-0.783195685079
69,0.317895831176
70,0.256534682598
71,0.351931410901
72,1.03825628386
73,0.0716955644858
74,-0.0540277916571
75,0.468792812516
76,0.525881254146
77,1.05140868156
78,-0.236227590523
79,0.556833886181
80,-0.612444298938
81,-0.854999648343
82,1.00898764482
83,0.129171746939
84,0.831388967227
85,-0.118352749592
86,0.549737245213
87,1.04680132001
88,-0.00485439324001
89,-0.696478521382
90,0.0182388849061
91,-0.629736853874
92,0.0138322807486
93,0.586418224098
94,0.859772066606
95,-1.03547062631
96,-0.0195908506735
97,-0.422467272115
98,-0.503100548101
99,0.580605783868
100,0.311139401065
101,-2.19724666022
102,0.291235894306
103,-0.0784647152779
104,0.528109118984
105,-0.740718170078
106,0.568416656511
107,0.658309585633
108,-0.211219841359
109,0.37519131716
110,0.436466922137
111,1.06197894159
112,0.817175809669
113,0.758231953553
114,0.344666570785
115,0.121104502911
116,-0.18041520479
117,0.439658340567
118,-0.0627000646097
119,0.10463078153
120,0.212766824392
121,0.152294750782
122,-0.336887301451
123,-0.119674080207
124,0.861995093227
125,0.438608727995
126,0.37188961614
127,-0.665914129608
128,-0.415297912951
129,-0.116005272947
130,-0.453444165368
131,1.42917843311
132,0.620896140185
133,0.31855248041
134,0.725525763622
135,-0.827587353586
136,-0.0265436457764
137,0.468932481129
138,1.29285764576
139,0.692328012701
140,0.243307303542
141,1.04472514767
142,-1.61164249871
143,-0.080148828154
144,-0.0548699195549
145,-0.159446122825
146,-0.821026268681
147,-0.345587035417
148,0.36570666067
149,-0.427030684043
150,0.0251228891945
151,-0.0320983315323
152,-0.13187272065
153,0.632287497614
154,-0.957430636957
155,0.77269075872
156,0.545438451364
157,-0.188669988231
158,-0.0777620908336
159,0.354008910074
160,-0.976805621191
161,-1.23087885769
162,-0.356063879875
163,-0.637936089941
164,0.461519097676
165,1.658357095
166,0.764838328117
167,0.55195076355
168,-1.27266594383
169,0.327896496857
170,-0.287327274307
171,-0.417562657521
172,0.466238227462
173,-0.112393026109
174,0.160023472281
175,-0.415810903201
176,-2.44811621803
177,-0.361828026501
178,-0.0107623910338
179,-0.83483191347
180,0.322996851795
181,-0.0664763597436
182,-1.40651921239
183,1.2850327619
184,1.2392136219
185,-0.111952665466
186,0.836229342253
187,0.132363485625
188,0.23650534959
189,-0.438926218228
190,0.077697302965
191,0.486022585757
192,-0.0532884471311
193,1.06846163702
194,0.627213269545
195,0.408700060962
196,-0.493826357897
197,-0.333457453221
198,0.376191444817
199,-0.202293390736
200,1.16052676619
201,-0.855407693799
202,2.10463364294
203,-0.0112149926166
204,0.571906614622
205,0.128535977255
206,1.18081174239
207,0.248571617121
208,-0.204878558419
209,-0.596582093162
210,0.391218394556
211,-0.134964482376
212,0.387320250767
213,0.12264693697
214,-0.271085398034
215,-0.519280751056
216,0.753486697743
217,-0.11712347211
218,-0.40480890824
219,0.253360131833
220,-0.394963403058
221,1.15787711415
222,0.811190746313
223,0.522611900879
224,-0.0983401064746
225,0.453668524761
226,0.164771543052
227,-0.480361217381
228,-1.11123441278
229,1.06888164301
230,1.08150378547
231,0.99536875711
232,0.290759874919
233,0.113402581871
234,0.826241829859
235,0.652548003387
236,0.511564936018
237,0.161993577263
238,0.507077113014
239,1.29503138664
240,0.411537140971
241,1.16916165862
242,1.22641513056
243,0.0267051320484
244,0.433252310762
245,-0.0237799162337
246,1.9723756253
247,0.120634238472
248,0.00314838544799
249,1.13930728145
250,0.79553006873
251,0.0641068382954
252,-0.0460811796771
253,-0.941136258471
254,0.476160836187
255,0.797915925595
256,1.35278293438
257,0.814068621699
258,-0.5497657811
259,-0.517681862009
260,1.63811420622
261,0.974547603434
262,0.085574299453
263,-0.424203916746
264,0.816096902724
265,0.581488199912
266,1.55524955396
267,1.30826248308
268,-0.125805971602
269,-0.419729336948
270,0.60709764345
271,-1.28639473818
272,-1.0775145092
273,0.572780024414
274,1.15833729224
275,0.516313471053
276,0.670591376658
277,0.112529384341
278,0.505478244201
279,0.50012606504
280,0.735527148056
281,-0.356422719927
282,0.373785155275
283,-0.685045458899
284,-0.391809248829
285,0.480198556408
286,-0.34131839104
287,-0.0745084848916
288,-0.013126965267
289,0.639228504733
290,0.0228067440664
291,0.128527575353
292,-0.230715621973
293,-0.126429619424
294,-0.212761082046
295,0.307012951551
296,-0.733881920273
297,-0.335485180517
298,-0.980740185257
299,0.544939131086
300,0.80285919249
301,-0.256749958502
302,0.444212682576
303,-0.695188643992
304,-0.583751732286
305,-0.496521871658
306,-1.23212768308
307,-0.165684262718
308,-0.139527332061
309,-0.124979018167
310,0.302785394925
311,-0.11717162859
312,1.5397528255
313,-0.150736014349
314,-1.07333186007
315,-1.18204874748
316,-0.534216909895
317,0.11394064545
318,0.477071159841
319,0.364908739319
320,-0.057757882114
321,0.374914388697
322,0.694707166907
323,0.869129882444
324,-0.155369386966
325,0.122101247261
326,0.827207670022
327,0.225271466814
328,0.977165892615
329,-0.481771910174
330,-0.129907471936
331,0.565033050756
332,0.0338502566523
333,0.247449555836
334,-0.118302014345
335,0.918544557933
336,0.575858499632
337,0.686952338536
338,0.141695621888
339,0.364075511077
340,0.354673916152
341,1.13325432727
342,-1.0159785876
343,-0.834597750448
344,-0.10572963974
345,0.233484437761
346,0.25626190521
347,0.260034580588
348,0.227416342757
349,0.0732891760294
350,0.241918610944
351,-0.269424295603
352,0.328240576245
353,-0.196624580133
354,0.675983001611
355,-0.560616408284
356,0.506944711225
357,-1.23044587974
358,-0.535687142944
359,0.267765481319
360,0.745902078047
361,-0.104387993077
362,0.127229587523
363,1.02077321267
364,0.5751956923
365,-0.839496496334
366,0.892869946283
367,-0.0123645825262
368,-0.44483240815
369,-0.820768351259
370,0.687699538812
371,0.684324323575
372,-0.408075969626
373,0.158351341843
374,-0.0605310144073
375,-0.0464182058528
376,-1.21567071468
377,0.797831317435
378,0.790786344126
379,-0.803073374787
380,0.0574026116239
381,-0.381666388858
382,-0.475375231999
383,-0.708575087653
384,1.01404629764
385,-1.1782516678
386,0.558113204112
387,-0.43729344367
388,0.253177994919
389,0.598581951762
390,0.456172363136
391,0.215767926576
392,-1.97916045365
393,0.0707867605876
394,0.898769869763
395,0.249474564194
396,0.269248996983
397,-0.606767350666
398,0.1761802815
399,0.446495077422
400,-0.200546458966
401,0.0168840311041
402,-0.435285625221
403,-0.399486686757
404,0.0969315299724
405,-0.272295259888
406,1.30986022377
407,-1.20060042113
408,0.641188855377
409,0.711408575632
410,-0.460972900793
411,-0.0362709425295
412,0.0660708948573
413,1.12110446948
414,0.479046303304
415,0.498835567988
416,0.213650218261
417,-1.55094861819
418,0.293040461193
419,0.50201515417
420,0.538297424482
421,-0.0985747784104
422,1.0444390034
423,-0.405911236295
424,1.20680988387
425,-0.277456272767
426,0.47606103792
427,-0.386455078822
428,-0.45739193434
429,0.329315291463
430,0.0454146279634
431,-0.222443056092
432,0.761950805253
433,-0.0474512004742
434,0.0827692807667
435,0.623652846127
436,0.194699986907
437,-0.198739615441
438,0.0686069740065
439,0.754486216577
440,0.352312199576
441,0.310873074866
442,0.657453076354
443,0.526374483576
444,-1.44777397803
445,-0.555429756743
446,-0.401472191115
447,0.997321575907
448,-0.484508499101
449,-0.51152194725
450,-0.0870120065546
451,0.0948323993553
452,0.217966401792
453,0.473712698659
454,-0.834250941876
455,0.440157277083
456,-0.0653855631194
457,-0.837061157183
458,0.170420757922
459,0.577755925902
460,0.38639846076
461,0.615390253629
462,-0.189156230307
463,0.280644898308
464,-0.352230274014
465,0.214793326645
466,0.323577658174
467,1.09030677067
468,0.0207168853683
469,-1.22305907184
470,-0.502302198898
471,0.200351410069
472,0.557515541441
473,-0.420886520312
474,0.483800829346
475,-0.172491734217
476,-0.59627572118
477,0.743561682546
478,0.557578165238
479,-0.10336450885
480,-0.591319447002
481,-0.224656330761
482,0.367927319384
483,-0.0229031682477
484,1.1078413738
485,-0.610563369158
486,-0.0961603175684
487,-0.708218311186
488,-1.06623454335
489,-0.491059881186
490,-1.2484506517
491,0.213066311649
492,0.0467317026971
493,-0.0248060402408
494,-2.18870500634
495,0.612081938658
496,1.24217563157
497,-0.902957402207
498,-0.443422267608
499,-0.484847302237
500,0.493163289069
501,-1.12943491048
502,0.356748112516
503,0.521462347555
504,0.523612238968
505,-0.142768767661
506,0.108887927473
507,1.24521728931
508,-0.408424764815
509,0.157908874737
510,-0.675254072991
511,-0.23336044847
512,0.289252255469
513,-0.205461992015
514,-0.0121253504625
515,0.179517784155
516,0.456656350895
517,0.548714798179
518,-0.596608629112
519,0.407527409541
520,0.750677670474
521,0.443748296013
522,0.139785127753
523,0.263739145978
524,-0.516286691084
525,-1.30086248396
526,0.0785643413609
527,-0.0780509809554
528,-0.782867419243
529,0.538780240303
530,1.16772295437
531,-0.353523511253
532,-0.309378420991
533,0.0902040923648
534,-0.48852420416
535,0.73260637175
536,0.4634312147
537,0.256311834806
538,0.118987289855
539,-0.64114754768
540,-0.175067307512
541,0.369830250456
542,0.470762266541
543,-0.0645268121791
544,0.521208238911
545,0.154805324632
546,0.255767894752
547,-0.94660585024
548,-0.102805156727
549,-1.2043400608
550,1.05960676595
551,0.21840817086
552,-0.200882252178
553,0.183562897678
554,1.04559563959
555,-0.055458444913
556,0.231718121839
557,0.246987286932
558,1.09326954324
559,-1.64907038422
560,0.529341975721
561,-0.411787394844
562,-0.0253335975019
563,0.15704414749
564,-0.111722280795
565,-0.249659968726
566,0.2885852388
567,-0.189481206539
568,-0.0516352339957
569,-0.833488662849
570,0.0243109131842
571,0.832201960526
572,1.57558826244
573,0.557830218109
574,0.302444029003
575,0.655357479573
576,0.173143121853
577,-0.0195090671138
578,0.69240632766
579,-1.26904718007
580,0.80844750545
581,0.43918504884
582,1.31010459439
583,-0.203472578137
584,0.239506908653
585,-0.488810613561
586,0.0562901280026
587,-0.823564595337
588,1.40798726842
589,0.0789911586733
590,0.639358699957
591,0.582830743424
592,0.879813775093
593,0.465790541307
594,0.629180480517
595,0.599765569835
596,0.460932500175
597,1.16829170549
598,-0.235327499438
599,0.190954284753
600,-1.34325307273
601,-0.369495226763
602,-0.1867897087
603,0.0983021547041
604,0.598557095729
605,0.761675251
606,-0.204687274603
607,-0.0633836934148
608,0.48886814453
609,-1.21865357481
610,-0.045553711663
611,0.711658667206
612,0.321940393119
613,0.550675979091
614,-0.565278342254
615,0.251035701138
616,-0.896733400069
617,-0.0702926657505
618,0.857460047617
619,-0.0966610995313
620,1.04106527405
621,0.812672947338
622,0.073749170011
623,-0.213017777906
624,-0.104757488589
625,-0.250278851241
626,0.099653272984
627,1.44076350419
628,1.51948952658
629,0.0349185349991
630,0.0254474371711
631,0.576627706473
632,-0.629838618009
633,-0.520687164357
634,-0.34133512004
635,-0.0235891463851
636,0.77609310574
637,0.523619379559
638,0.598441620189
639,0.0813881190958
640,0.0502048718902
641,-0.886645950756
642,0.953268978585
643,0.334835872789
644,0.623839950848
645,-1.50829040281
646,-0.0964816905761
647,-0.888626119946
648,0.444353165577
649,0.224569085885
650,1.42703669901
651,-0.0800873989328
652,0.365537157435
653,0.864854153525
654,-1.55306360783
655,0.223270090342
656,-0.896745494112
657,0.422228894297
658,0.899450531658
659,0.13555718694
660,0.237476421189
661,-1.46111400103
662,0.0375831837352
663,0.842817528307
664,-1.09482830554
665,2.0715504769
666,-1.40059212727
667,-0.0266230794042
668,-0.40153709852
669,0.240568080356
670,-0.338273735386
671,-0.500932651697
672,0.688643857223
673,0.559186097602
674,0.479277935605
675,-0.282312632807
676,-0.309860161682
677,1.54517888922
678,0.834958147818
679,0.788317846208
680,0.378071003162
681,0.455610765836
682,1.70813131946
683,0.304477777561
684,-0.633098994916
685,-0.379504913749
686,0.213475126468
687,1.09489812176
688,0.501267233748
689,0.38118740988
690,-0.636291468771
691,0.771799926722
692,0.562618596784
693,-0.0696721234249
694,0.355908232733
695,-0.948967653067
696,0.940378411393
697,-1.00698748403
698,0.766236411842
699,0.54723976676
700,0.850442398424
701,-0.0622357624062
702,0.637326455214
703,-0.576242070343
704,-1.09130439136
705,0.86402725591
706,0.931507006756
707,-0.00205249142398
708,-0.548396132794
709,0.591585676166
710,0.387326349911
711,-0.188416268361
712,1.57905997166
713,0.283692590107
714,0.02162542766
715,0.574102330235
716,-0.316317998774
717,0.294683890432
718,-0.209094835553
719,-0.586656527368
720,-0.482174322331
721,0.85112016037
722,0.759638076732
723,-0.929223402849
724,-0.422999151038
725,0.51685802844
726,0.149027394597
727,1.0676892391
728,-0.0098222415158
729,-0.165581264903
730,0.75668288161
731,-0.944354444874
732,1.08451037555
733,1.03255665816
734,-0.42156745292
735,-0.225828485883
736,-0.320939622835
737,1.72308288916
738,0.544863106395
739,0.614353989074
740,1.26147265931
741,-0.40744250378
742,-0.443002057863
743,-0.270223119795
744,1.06238874433
745,-0.101503505728
746,0.0236723478134
747,0.567028520667
748,-0.15456976826
749,-0.661913485879
750,0.659876417288
751,0.966111709309
752,0.784367765225
753,-0.213484459276
754,0.599476718849
755,0.602662941216
756,0.444798382702
757,0.179959534653
758,-0.526993047568
759,-0.0247037513902
760,0.543657425545
761,0.0867418044688
762,-0.219407472928
763,0.0561719871304
764,0.504495583265
765,0.0358135708323
766,-0.447870126873
767,-0.781485179353
768,-0.624684556962
769,0.0106596822615
770,0.598733525736
771,1.00862281938
772,-0.956527268658
773,-0.0769954085978
774,0.0106429972247
775,-0.337197369669
776,-0.0594902534871
777,-1.24330014237
778,-1.23683167012
779,-0.215112863363
780,0.366189445249
781,0.983642491058
782,0.188166354255
783,-0.497769464717
784,0.160629717734
785,-0.414076673439
786,1.38435223979
787,0.205504136364
788,0.0217912764823
789,0.868171092105
790,0.93434266648
791,-0.897023045828
792,0.0153988933502
793,-1.20658758741
794,-0.566586855451
795,-0.00948065302721
796,0.90666327823
797,0.508130603585
798,-1.28017416282
799,-0.297303067866
800,0.973029918767
801,0.714276395451
802,0.0233323552004
803,-0.616034833549
804,0.281679930086
805,0.0824460316104
806,0.406271433472
807,-1.40773066572
808,0.729000868059
809,-0.516505065579
810,0.63115186989
811,-0.261014946858
812,-0.648958664265
813,0.242529370181
814,0.406143005123
815,0.113783093217
816,-0.288115580287
817,-0.0807361924849
818,0.25743388907
819,1.33660671817
820,0.212309868957
821,-1.50596360309
822,-0.255562676169
823,0.739606290219
824,0.284585818366
825,-0.361371339317
826,1.04355412324
827,-1.13293788865
828,0.566101516584
829,0.171633799616
830,0.343871727135
831,0.389707484829
832,0.579316272589
833,0.199843878639
834,0.455463010417
835,0.815648696814
836,1.02058533106
837,-0.731951074493
838,0.853714733165
839,-0.334952513999
840,-0.436758962716
841,0.502847027189
842,-0.514285091172
843,-0.532480035824
844,-0.407326771258
845,0.227582556852
846,-0.178737282711
847,-0.205358661968
848,-1.09312851821
849,-0.224640973222
850,0.568250657515
851,-0.717949198972
852,-1.65077883148
853,-0.88045169807
854,-0.866184656246
855,1.19577107108
856,0.163851952738
857,-0.121798996865
858,-0.442020660578
859,-0.516086023774
860,-0.456226159718
861,-1.6420930029
862,-0.300695585361
863,-0.310442818216
864,-0.411608456942
865,0.354682581026
866,1.38195160793
867,-0.18646868766
868,-0.0932084586119
869,0.209583951173
870,0.615876827311
871,-0.0440392304423
872,-0.405812243616
873,0.929000572383
874,0.157956913622
875,0.544097814217
876,0.345500685876
877,1.17861581393
878,0.236075105157
879,0.287710914583
880,1.38617002183
881,0.292539081071
882,1.3822392503
883,0.464746460518
884,-0.531754308521
885,0.409962351734
886,0.0662690614152
887,0.186628616955
888,-0.256164009046
889,0.722944295631
890,-0.00848743138807
891,0.378613532482
892,-0.174760041689
893,-0.0188489633891
894,-0.154112811207
895,0.679807390644
896,0.394264275126
897,0.369002364957
898,-0.0757550473045
899,0.489463468841
900,0.695234516774
901,0.3553928294
902,0.621697507526
903,-0.37073151564
904,0.220152265445
905,-0.124769330636
906,-0.137386162368
907,0.103903513965
908,0.381481295491
909,0.786286411359
910,-0.283269418525
911,0.188500794853
912,0.193064648399
913,0.19609105389
914,-0.724949639715
915,-0.438246748054
916,-0.0435313240226
917,0.398170001922
918,-0.170503416672
919,0.813158613793
920,0.502921760848
921,0.590509416473
922,0.535895539564
923,1.06462823771
924,-0.0634861137667
925,-0.122926961514
926,0.601063273381
927,0.461532749859
928,1.30254201234
929,0.828038143369
930,-0.178345103162
931,2.01086904805
932,0.992569104679
933,0.932253831343
934,-0.536230433874
935,0.406337344189
936,0.0171844090004
937,0.121103955272
938,0.12879923637
939,0.204078603207
940,0.637910591003
941,0.8242970013
942,-0.169967258345
943,-0.92005953938
944,-0.97459919702
945,-0.00751751279402
946,-0.893245622002
947,0.549808664367
948,1.06043458444
949,-0.0211194914742
950,0.480091487305
951,0.552182397462
952,-0.725577507532
953,0.133897599529
954,0.302040879895
955,1.02626526739
956,0.989870522535
957,0.285409666615
958,-0.747324269279
959,-0.511342058553
960,1.15629835191
961,0.271166837618
962,0.214718157598
963,0.979218599487
964,-1.85543446047
965,-0.124040204076
966,-0.345982452327
967,0.12074777508
968,0.898043131777
969,0.926830164309
970,0.109868322661
971,-0.234511664617
972,-0.373165629387
973,0.758661161122
974,0.971264239871
975,0.570876714183
976,0.529719844469
977,1.13254059638
978,0.43768297657
979,0.520711139665
980,0.98038285928
981,0.693742491947
982,0.630328003529
983,-1.06184204159
984,-0.100176184162
985,-0.136318528919
986,-0.410501948236
987,0.101041083946
988,-0.587801487025
989,-0.0754461136543
990,0.717284403109
991,0.156604495956
992,0.220834111998
993,0.872867068336
994,1.68576944254
995,-0.420936558698
996,1.54609154657
997,-0.673403078393
998,-0.0259754543281
999,-0.827220545586
1000,-0.0405653050482
1001,-0.688156091138
1002,0.474459144429
1003,-1.18505038437
1004,-0.385014161959
1005,1.06507448795
1006,0.39312849254
1007,0.969238503613
1008,0.331782257256
1009,0.911812366029
1010,0.171232761557
1011,0.944314167574
1012,-0.185244523284
1013,0.431850299503
1014,-0.047101622902
1015,-0.27390831315
1016,0.411237707172
1017,0.30836604721
1018,0.324665934582
1019,0.702234947388
1020,-0.0639731323192
1021,0.166268334798
1022,0.791373837041
1023,0.168964130193
1024,-0.00431862432248
1025,0.488770856271
1026,0.949177177128
1027,0.541127207725
1028,1.39390650687
1029,0.240216315471
1030,-0.492630732396
1031,-0.0110442506435
1032,0.629756477926
1033,0.900271827725
1034,0.176391949878
1035,-1.83845529718
1036,-1.03024839689
1037,-0.0163080639048
1038,1.14111057064
1039,0.286901658803
1040,-0.848686121424
1041,-1.2830359682
1042,0.602755810225
1043,0.83739444243
1044,0.714212296801
1045,1.03720564908
1046,0.684345835037
1047,-1.32175585405
1048,0.722498247783
1049,0.658868043551
1050,-0.452011446246
1051,0.0468540280532
1052,-0.267640425251
1053,0.765517348286
1054,-1.07803518934
1055,0.0777253909886
1056,-0.327198183731
1057,-0.313194435359
1058,-0.975463361961
1059,-1.51886663676
1060,-0.810142838784
1061,0.210714203512
1062,-0.905864714837
1063,0.206331263218
1064,0.50622049552
1065,0.634476548573
1066,-0.508241769044
1067,2.10295756514
1068,-0.175189282866
1069,1.25451238583
1070,0.44404360257
1071,0.31316442735
1072,-0.431785438514
1073,-1.04131707625
1074,1.29175810303
1075,0.717058193
1076,0.214768829478
1077,1.49882914407
1078,-0.0553531157551
1079,-0.19859562669
1080,0.135102450753
1081,-0.862723850104
1082,1.27042119557
1083,-0.138991019578
1084,0.922875662014
1085,0.566896968165
1086,-0.254500617521
1087,0.315617327445
1088,-1.92553456064
1089,-0.776552164291
1090,0.559719364203
1091,1.04741104999
1092,-0.786238447548
1093,0.194547850945
1094,0.391939445049
1095,-0.525382316015
1096,-0.592875851317
1097,-1.34316559936
1098,0.0150069025996
1099,-1.36996739503
1100,-0.462813327438
1101,-0.34564414797
1102,-0.151550844283
1103,0.621146766922
1104,0.461454112407
1105,0.334983187067
1106,-0.110188162153
1107,1.30835540683
1108,0.196928821674
1109,0.00602010735333
1110,0.153527401462
1111,1.51244163905
1112,0.530594687292
1113,0.451076310999
1114,-0.20372594231
1115,0.360510381905
1116,0.323956549979
1117,0.959323901116
1118,-0.0849375358388
1119,-1.52936405213
1120,0.459782635748
1121,0.517567001023
1122,-0.784775772394
1123,-0.0106477696393
1124,0.18266801031
1125,-1.30930712059
1126,0.378973987738
1127,-0.333713693445
1128,-0.878013716626
1129,-0.139617303097
1130,0.829057395223
1131,-0.383977458247
1132,2.33125976524
1133,-0.285525264227
1134,0.215814416728
1135,0.602178820119
1136,-0.891928861108
1137,1.00334622611
1138,-0.671125418366
1139,-0.0694374317468
1140,-0.0888785888384
1141,1.04781743328
1142,-0.1458401687
1143,0.181345481297
1144,0.914357776568
1145,0.950454242171
1146,0.198275971614
1147,-0.512018120151
1148,-0.0360496460604
1149,-0.300893986128
1150,-0.321630706149
1151,-0.826313786142
1152,-0.0733180648618
1153,-0.460485283527
1154,-0.261290483131
1155,0.139941107545
1156,-0.75923696687
1157,1.17027127034
1158,0.690972627143
1159,0.768426569585
1160,-0.267206956262
1161,0.397958599857
1162,0.638840772958
1163,0.0621485416539
1164,1.32976195055
1165,-1.39451155013
1166,0.0256722245769
1167,0.411295046491
1168,0.193341572457
1169,-0.346864662318
1170,0.449289804336
1171,-0.651295583948
1172,-0.550610960245
1173,0.613490712717
1174,0.533691908774
1175,0.146462543474
1176,0.237647643293
1177,-0.608416562462
1178,-0.238618105325
1179,0.449612128768
1180,-0.422516002733
1181,0.777828521488
1182,-0.650055190776
1183,0.543812188735
1184,0.580634128993
1185,1.48302772082
1186,-0.0548391432103
1187,-0.30846731118
1188,0.279488411311
1189,-0.0997501867874
1190,0.331954099281
1191,1.32145107549
1192,-0.431946637001
1193,-0.214918567901
1194,-0.622207693431
1195,0.436820293528
1196,-0.806315918024
1197,0.378396522096
1198,0.744273809417
1199,0.323403254006
1200,0.265468736155
1201,-0.366536616101
1202,1.01616899272
1203,-1.62672343986
1204,0.236952985487
1205,0.688608594664
1206,-0.291000786478
1207,0.78951351817
1208,1.38021520058
1209,0.226827693526
1210,-0.481947153563
1211,-0.376488425771
1212,0.422614379387
1213,-0.790054890942
1214,1.21823820128
1215,-0.0556377556952
1216,-1.27872394974
1217,0.761703353544
1218,-0.221857959088
1219,0.43556334521
1220,-0.204045620972
1221,1.26331399305
1222,-0.318515101698
1223,0.00845784468671
1224,-1.08818129367
1225,-0.181845212329
1226,0.2771017726
1227,-0.797995864261
1228,-0.224233046072
1229,-0.35750889483
1230,0.778457617818
1231,0.12792929573
1232,-0.43004981477
1233,-0.562849352814
1234,0.754843994737
1235,-0.479390862785
1236,-1.34279179588
1237,0.146479413372
1238,0.364409888374
1239,-0.140814081692
1240,-0.173657186632
1241,0.358550149454
1242,-0.709034644391
1243,0.70536558477
1244,1.23518365028
1245,0.338726803539
1246,-0.0854826636834
1247,-0.30624029968
1248,0.32211312575
1249,0.433430102851
1250,0.436897583328
1251,0.560099270399
1252,1.17857737009
1253,1.11975519411
1254,0.806503879153
1255,0.963507643909
1256,0.2990848679
1257,-0.217216403988
1258,-0.788248777814
1259,0.107343205379
1260,0.299476983246
1261,0.478257549825
1262,0.109790903682
1263,0.32884399407
1264,-0.0516799634859
1265,0.511102585113
1266,0.166215420032
1267,0.733270006444
1268,-0.723998101218
1269,-0.266278678581
1270,-0.188509124699
1271,0.441960871221
1272,1.01249179448
1273,-0.682102389651
1274,-0.237138522641
1275,-0.223823682375
1276,0.840667508049
1277,-0.772215404158
1278,0.052511508697
1279,0.292976610455
1280,0.710247738133
1281,0.589151293905
1282,-0.390402061785
1283,0.290257086299
1284,-0.670995707938
1285,1.13691401978
1286,0.985205530611
1287,-0.0870492886164
1288,-0.252046592493
1289,-0.0369903717827
1290,-0.101240544245
1291,0.507186021731
1292,-0.390737759238
1293,-0.26514755461
1294,-0.484331529159
1295,-0.153248715665
1296,-0.113969345803
1297,-0.0954736054093
1298,-0.00622507148859
1299,0.221686106689
1300,0.0921758840121
1301,-0.370703414595
1302,-0.866221091393
1303,-0.555009512299
1304,-0.0163345931643
1305,-0.339051429179
1306,-1.04880236323
1307,0.951736998493
1308,0.342451805014
1309,-0.546685844315
1310,0.988897838208
1311,0.581972202779
1312,-0.158813785867
1313,-0.403284470189
1314,0.904417981516
1315,0.246694073971
1316,0.815200277639
1317,-0.0398601655321
1318,0.459722829548
1319,0.044563586163
1320,0.238466889037
1321,0.277742980873
1322,-0.67278633606
1323,-0.228310688686
1324,-0.744252227142
1325,-0.33770697637
1326,0.29005834854
1327,0.960254522421
1328,-0.111274589616
1329,0.164357398947
1330,0.681265567049
1331,1.19766000232
1332,0.302188555681
1333,0.194251544609
1334,0.58526201221
1335,-0.411128916729
1336,-0.146904132587
1337,0.849195699078
1338,1.38376492621
1339,-0.638595308422
1340,1.08280678191
1341,-0.913768177068
1342,0.201247162338
1343,0.305114631956
1344,0.811802178479
1345,0.391622820252
1346,-1.42555827718
1347,-0.619256137933
1348,-0.324357675374
1349,1.05004562921
1350,0.13014259918
1351,-0.475886513449
1352,0.681134816196
1353,1.01120194952
1354,-0.292877763761
1355,0.0894619431004
1356,0.667164911071
1357,0.520629944652
1358,0.573093597754
1359,0.796857815444
1360,-1.74663603522
1361,-0.336165875895
1362,-0.0281180247736
1363,1.1162044787
1364,-0.190654347447
1365,0.0769459228417
1366,0.456693612884
1367,0.444704165837
1368,-0.862534259483
1369,-0.282263125804
1370,-0.841457351
1371,0.62060934504
1372,0.50824035307
1373,-1.3180437788
1374,-0.0404614401952
1375,1.0503390003
1376,0.719117525077
1377,0.390611666635
1378,0.528668172331
1379,-0.250462276824
1380,-0.541414281687
1381,1.06880600976
1382,-0.00578445702291
1383,1.23922893615
1384,-0.624243449659
1385,-0.80242991271
1386,0.942683032373
1387,-0.277394485107
1388,-1.14889157216
1389,0.143314736674
1390,-1.00778863993
1391,-0.349168550954
1392,-0.131741578307
1393,-0.793160772642
1394,0.308932461667
1395,0.612377915497
1396,-0.233185044194
1397,-1.3280383259
1398,-0.0119450840793
1399,0.855642437917
1400,0.79076695427
1401,0.345673624756
1402,0.821229561913
1403,0.589339732622
1404,0.264221998661
1405,1.01689219299
1406,-0.383310745231
1407,0.726413557909
1408,0.183457987823
1409,0.608872617229
1410,0.479306704051
1411,0.372610001568
1412,-0.635375192183
1413,0.163280792344
1414,0.962101822255
1415,0.253925064123
1416,-0.273349121619
1417,0.488401433951
1418,0.878287870991
1419,1.2540079361
1420,0.258668257661
1421,-0.662297964874
1422,1.26419943708
1423,0.17207982404
1424,0.490462474921
1425,0.81877361973
1426,-0.984694720496
1427,0.396400626091
1428,-0.363023700006
1429,-0.2229243583
1430,1.20937583236
1431,-0.153914905853
1432,0.00187521259178
1433,0.535825444374
1434,1.45628248676
1435,-0.0897563078409
1436,0.0844130188081
1437,-0.102562063518
1438,0.575904058339
1439,-0.638640483094
1440,0.238044991732
1441,-0.237256318363
1442,0.172691452291
1443,-0.692597339013
1444,1.1995504884
1445,-0.652592126303
1446,0.947409294012
1447,0.300276290842
1448,-0.717958549102
1449,0.75929683798
1450,0.286467112876
1451,0.0861002360763
1452,-0.663248478239
1453,-0.950366621435
1454,1.60928169107
1455,-0.328524980142
1456,-0.593249171534
1457,0.646425590774
1458,-0.710158346474
1459,0.292926336441
1460,1.10499454971
1461,0.169092520346
1462,0.372467729616
1463,0.234783838574
1464,0.00236733590231
1465,0.753634771788
1466,0.750840746114
1467,0.950688098711
1468,-0.181958175795
1469,0.784037461569
1470,0.415833450952
1471,-0.0373416001296
1472,-0.0329475548938
1473,-0.0927248716349
1474,-0.722898510191
1475,-0.721946000407
1476,-0.532365422335
1477,-0.279834784292
1478,-0.809992751221
1479,-0.532461159325
1480,0.0976696568395
1481,-0.575540203892
1482,0.530410947189
1483,1.12497011134
1484,0.761298620151
1485,-0.937777286959
1486,0.978279869333
1487,0.00824271598989
1488,-0.0736505743961
1489,-0.0973669260109
1490,0.690523616514
1491,0.275823326161
1492,0.308305913142
1493,0.412115308948
1494,0.501800084626
1495,-0.373761169494
1496,-0.0371368387287
1497,-2.19314511975
1498,-0.816643014373
1499,1.0873989879
1500,-0.650855741628
1501,-0.12923819654
1502,-0.00398352001055
1503,-0.0131429900422
1504,0.333066610506
1505,0.29863655697
1506,-0.343590836581
1507,0.939628654476
1508,-0.00472871063764
1509,-1.08528295779
1510,0.495664624197
1511,-0.0633520436291
1512,-1.03060931496
1513,-0.258243770313
1514,-0.422617284076
1515,0.647028816487
1516,-0.334942517263
1517,-0.036550407369
1518,0.443350221869
1519,0.151388776472
1520,-0.0623619525986
1521,-0.177383954987
1522,0.334307849457
1523,0.26462198142
1524,-0.120295809386
1525,-0.181757849825
1526,0.0253213521353
1527,1.17866133814
1528,-0.723392297245
1529,-0.0665669797176
1530,-0.974333291608
1531,0.422407616566
1532,0.93112421169
1533,0.941962164238
1534,0.342326835182
1535,0.530334982698
1536,0.513216150675
1537,0.649705203354
1538,-0.112072303761
1539,-1.42272458697
1540,0.421566997796
1541,0.731402296622
1542,-0.756357909145
1543,0.628138598096
1544,-0.0804941728987
1545,-1.12428584332
1546,0.0587953814286
1547,0.934158034919
1548,0.124122532039
1549,-0.54339912029
1550,-0.539094896212
1551,1.79808002531
1552,-0.712321250835
1553,0.61293265127
1554,1.11694609945
1555,-0.50967273681
1556,0.584243043418
1557,-0.623363787045
1558,0.754917626791
1559,0.631800305951
1560,-0.242121544929
1561,1.00198486422
1562,0.180896539742
1563,1.54471123104
1564,-1.20353461329
1565,0.394037118602
1566,0.285816860318
1567,-0.318719487672
1568,0.140440276075
1569,0.472705699986
1570,-0.460756503004
1571,-1.57198929548
1572,0.597204158892
1573,0.0512817637618
1574,-0.63304782517
1575,-1.01570582086
1576,-0.308496882923
1577,0.147419573261
1578,0.0697493884685
1579,-0.281424258177
1580,0.730983883887
1581,-0.128812394297
1582,0.938012675079
1583,-0.0785848930995
1584,0.739163298156
1585,-1.33622075187
1586,-0.749619981871
1587,1.10380291715
1588,0.38570414122
1589,0.507706923351
1590,0.29864248993
1591,0.7450860671
1592,0.751373622076
1593,-0.946974831668
1594,0.960533949035
1595,0.254533637779
1596,-0.615074198847
1597,-0.811643178359
1598,0.878853827183
1599,0.57680123566
1600,0.914140527383
1601,-1.04848266275
1602,-1.58060980376
1603,0.660230319655
1604,0.251467203814
1605,-0.555272098138
1606,0.26040732178
1607,0.381648334886
1608,-0.555638971868
1609,-0.617138955102
1610,0.301032571845
1611,-0.0296900627702
1612,-0.412406706237
1613,0.108009059646
1614,-0.238379642607
1615,-0.756818194416
1616,1.37741044636
1617,0.205719788724
1618,-0.656336820764
1619,-0.797087098486
1620,-0.444603831919
1621,1.3129600467
1622,0.690200343484
1623,0.216454599662
1624,-0.277908862581
1625,0.41319223348
1626,0.35325714315
1627,0.293441382316
1628,1.25469194267
1629,-0.456429384371
1630,0.0192433628533
1631,0.486369621575
1632,-0.266721385308
1633,-0.22586852638
1634,0.435724897732
1635,0.061685792981
1636,1.27926187739
1637,-0.140806233141
1638,0.958963210488
1639,-0.259624738554
1640,0.224142727812
1641,1.08501495689
1642,0.505562105839
1643,0.703858552027
1644,-0.335112439375
1645,0.313172880259
1646,0.471752498062
1647,0.634216925958
1648,-0.185379772027
1649,1.43965787811
1650,0.822685615697
1651,-0.438318197185
1652,1.32042571505
1653,0.220413180012
1654,-0.0200384197002
1655,0.696873241737
1656,0.36383129246
1657,0.239899690913
1658,0.0339889297269
1659,0.596825320044
1660,1.67245385735
1661,-0.0244029370817
1662,1.01379003511
1663,0.615791925662
1664,-0.0312290627702
1665,0.51067301314
1666,-0.36727574985
1667,0.594259663527
1668,0.624078329984
1669,1.49815346711
1670,-0.690724374985
1671,0.313510639953
1672,1.03728957142
1673,1.19228909566
1674,0.376226374539
1675,0.245856501158
1676,1.10607483801
1677,-0.249085676278
1678,1.73866792111
1679,-0.896313345923
1680,0.588079827418
1681,1.36113861999
1682,-0.440049027932
1683,0.38237124545
1684,0.64920853296
1685,0.374483476467
1686,-1.4296204244
1687,-0.0982008266451
1688,-0.54837232222
1689,-1.2343949848
1690,-1.14180887513
1691,-0.786046136709
1692,-0.597817223581
1693,-0.224766855855
1694,0.317043877868
1695,1.0284093309
1696,0.396780203302
1697,-1.32739417408
1698,0.70682796633
1699,0.488809128062
1700,0.341784121292
1701,0.909550770811
1702,0.836517779688
1703,-0.592267296853
1704,0.410472876199
1705,0.304903578612
1706,-0.964789406197
1707,0.286500055528
1708,0.0902965122016
1709,-0.0984822844589
1710,-0.604451546454
1711,0.0614087899263
1712,1.22587918101
1713,0.120173336348
1714,0.564079350742
1715,0.848323492528
1716,-0.391158548778
1717,0.197753778577
1718,0.0316985495603
1719,0.630110835019
1720,0.122528993918
1721,0.0552451977154
1722,-1.11596739069
1723,-0.162886182597
1724,0.624823918671
1725,-0.0667929169641
1726,0.423591712055
1727,-0.0194201999734
1728,0.146437323563
1729,0.289739037916
1730,-0.430918661286
1731,-0.091989302577
1732,1.6455732525
1733,1.19237959603
1734,0.806535457631
1735,0.0954880822437
1736,0.113675314437
1737,0.282622582619
1738,-1.41725783081
1739,0.136845089764
1740,0.197965671532
1741,0.456099572548
1742,-0.68751010549
1743,-0.785191763583
1744,0.882433383488
1745,0.220876426475
1746,0.600930117656
1747,0.16641757005
1748,0.0755334316956
1749,-1.68884234265
1750,0.317130218738
1751,0.404437587567
1752,0.700917855465
1753,-0.175470870225
1754,0.393330024943
1755,0.942628557114
1756,0.37946132323
1757,-0.574491711581
1758,-0.881388452476
1759,0.371926207364
1760,0.182675963336
1761,-0.301930045156
1762,0.345720410127
1763,-0.670828439366
1764,0.639389129855
1765,0.109203087124
1766,1.04947640781
1767,-0.290767775571
1768,-0.685150600742
1769,0.700349760858
1770,0.13716861961
1771,-0.530258503163
1772,-0.0263466740069
1773,-1.30421648627
1774,0.53363102465
1775,-0.122505760995
1776,-0.057110376465
1777,-0.183155887378
1778,1.12821158123
1779,0.186785186686
1780,0.610652905181
1781,-0.0771071712489
1782,1.38288902092
1783,-0.341555742552
1784,0.605710076799
1785,0.482173556892
1786,-0.646217206782
1787,-0.335981239254
1788,0.362689725548
1789,1.19378660141
1790,-0.205469201656
1791,-0.0389074040542
1792,0.219980313223
1793,0.546879320401
1794,-0.232651505504
1795,-0.000733640341957
1796,-0.182313767606
1797,0.198465610267
1798,1.55521225803
1799,-0.363080345859
1800,-0.335281202503
1801,0.143623567237
1802,-0.091804143659
1803,-0.45075611233
1804,-0.473161241917
1805,0.217905656481
1806,1.18910342719
1807,-0.213373905329
1808,-0.525642258753
1809,-0.951087225035
1810,-1.00645024413
1811,1.3908892743
1812,0.281186675508
1813,0.239078212978
1814,-1.39310183949
1815,-0.466083339316
1816,0.469093593082
1817,-0.88154942448
1818,0.495817846133
1819,2.04123887122
1820,-0.122787978511
1821,0.530846328503
1822,-0.272897060779
1823,0.737022203845
1824,-0.53237774116
1825,-0.788474801277
1826,0.199213991613
1827,-0.315361217118
1828,1.14493486261
1829,-0.555457432909
1830,0.493615191746
1831,0.148870696572
1832,0.615932502787
1833,0.132771329539
1834,0.539818191689
1835,-0.505582802752
1836,-0.0917415316753
1837,0.714596196851
1838,-1.84125754879
1839,0.278682162986
1840,-0.686938282448
1841,0.956225945742
1842,0.690774425452
1843,-0.217860384051
1844,0.370263167717
1845,-0.99792929132
1846,-0.588921132539
1847,-0.176110892675
1848,-0.310733783152
1849,0.569446427583
1850,-0.600705852115
1851,-0.371901839569
1852,0.375373816797
1853,0.607381874273
1854,-0.685978127847
1855,-0.116245346336
1856,0.298812359642
1857,-0.298113905378
1858,0.168215998632
1859,0.439062734426
1860,0.577761384952
1861,-0.344758788436
1862,-0.279492593387
1863,-0.0934614599524
1864,-0.521307337915
1865,0.636253872669
1866,0.036694231637
1867,0.31805592849
1868,-0.553288686082
1869,0.510094169403
1870,0.80863580964
1871,-0.0402772594414
1872,0.560085806852
1873,-0.0521049471925
1874,-0.616719582674
1875,-0.135665296158
1876,-0.339669819213
1877,-0.784524640547
1878,-0.284558231653
1879,0.244324190893
1880,-0.0708737225401
1881,-1.06536537396
1882,-1.27399706888
1883,0.546576444477
1884,-0.261679264884
1885,0.957470565312
1886,0.303529019151
1887,-2.11206819866
1888,0.43732953915
1889,1.01023831956
1890,-0.763428742341
1891,0.360732593957
1892,-0.895252337143
1893,0.626675869262
1894,0.168354156014
1895,-0.991380355227
1896,0.144178271994
1897,0.0267922862747
1898,1.13331847481
1899,0.877548663745
1900,0.0703194792641
1901,-0.161923648158
1902,1.03859225047
1903,-0.105799825274
1904,1.22351126787
1905,0.962121235118
1906,-0.20988440977
1907,-0.442403636098
1908,0.141592539366
1909,-0.0972525103802
1910,0.427679903254
1911,-0.328459351929
1912,0.926666071531
1913,0.314582793339
1914,-1.043154923
1915,0.119284663839
1916,0.442108762053
1917,2.00832037588
1918,0.948069358824
1919,-0.295331278592
1920,-0.259277741355
1921,1.04179550157
1922,0.0292088013952
1923,-0.264575405744
1924,0.0610981473487
1925,0.247991416521
1926,-0.210590054098
1927,1.15246482361
1928,0.889881934939
1929,-0.661058226411
1930,-0.2056984952
1931,0.595364591404
1932,0.731646684107
1933,-0.83950939777
1934,-1.55042756936
1935,-0.923789038157
1936,0.381779270008
1937,0.960524387948
1938,-0.300470519341
1939,1.37165834374
1940,-0.0219910453304
1941,0.358797653718
1942,-0.185285225952
1943,0.249553892736
1944,-0.421066407937
1945,0.282455484677
1946,-0.15100870435
1947,1.60776474757
1948,-0.0695112210455
1949,-0.018435786222
1950,0.794646156112
1951,-0.352624206745
1952,-0.749378956528
1953,1.08845427927
1954,0.414039342585
1955,0.201232362261
1956,1.36139802702
1957,0.563476734379
1958,-0.581585611029
1959,0.356024666051
1960,-0.564657980407
1961,-0.211534366052
1962,0.64560750036
1963,-0.102408389047
1964,-0.0782381058636
1965,0.627079989855
1966,0.718569503168
1967,-0.195820842428
1968,0.643051749305
1969,0.0181446465263
1970,0.245777452426
1971,-0.325565112235
1972,0.847989273057
1973,-0.391542977186
1974,-0.169887432874
1975,0.962293967467
1976,0.744379244883
1977,-0.84008704435
1978,0.437856266355
1979,-0.0405425552412
1980,0.618073574404
1981,1.11215976778
1982,0.500257935908
1983,0.120573567828
1984,0.630325704889
1985,0.962672013386
1986,1.54324087441
1987,0.0372086592931
1988,0.835330130753
1989,-0.108264305991
1990,0.458686121925
1991,0.313202465408
1992,0.222649033148
1993,-0.731314922469
1994,0.531464998244
1995,-0.95657133229
1996,0.805936446124
1997,0.728261793716
1998,-0.115017635218
1999,1.47225600218
2000,-0.0076153009892
2001,2.00931529888
2002,0.468996828702
2003,1.3712607742
2004,2.11077902005
2005,-0.290260619087
2006,0.807735798836
2007,0.186758762927
2008,-0.269501704604
2009,0.449100725712
2010,0.965693493811
2011,-0.178750366219
2012,1.16560226738
2013,0.998999886075
2014,-0.175657004916
2015,-0.00139786450374
2016,0.894247005453
2017,-0.219373222198
2018,0.186643270468
2019,-0.113854304141
2020,1.50740118636
2021,0.118719763376
2022,1.80046401851
2023,0.801823391924
2024,-0.160752724106
2025,-0.000418563957157
2026,0.0450797074599
2027,0.351459572948
2028,0.466297080642
2029,-0.167449023413
2030,0.137198038898
2031,1.08609808255
2032,0.641259377454
2033,0.00402340061158
2034,0.174632016138
2035,-0.489939042543
2036,-0.521431173441
2037,0.958370221021
2038,0.497850807745
2039,0.0900732915358
2040,-0.0279611134797
2041,0.772551787148
2042,-1.01699241258
2043,-0.673262460194
2044,0.03684102251
2045,0.336187570954
2046,-0.201388860097
2047,0.315404412462
2048,0.307533607361
2049,1.045460844
2050,-0.176914020485
2051,1.21409594114
2052,-0.457776532516
2053,0.0928357871345
2054,1.1571167168
2055,0.151528433167
2056,0.491665215582
2057,-0.0848271696183
2058,0.00586978750474
2059,0.355747371369
2060,0.79487015759
2061,0.864197046134
2062,-0.424032953006
2063,-0.237732954666
2064,-0.294211078602
2065,-0.70826168782
2066,0.0321786231254
2067,0.267522303274
2068,0.531517606151
2069,-0.194765823338
2070,0.530277769833
2071,0.836745482668
2072,1.52086610516
2073,-1.03850156145
2074,-0.318048493796
2075,-0.303174308894
2076,1.00699102561
2077,0.453593893977
2078,0.244593351121
2079,0.982629665776
2080,-0.24572017936
2081,0.39196755286
2082,-0.319061586454
2083,0.01122284953
2084,-0.467185794867
2085,1.22432701525
2086,-0.411632165581
2087,-1.04841910447
2088,-0.371844572914
2089,0.223784318067
2090,-0.0720377769922
2091,0.359560076328
2092,0.603902862663
2093,0.803098993728
2094,0.998148243653
2095,1.01873047073
2096,-0.401215543494
2097,-0.0937890119058
2098,0.716293372846
2099,-0.429307419774
2100,-1.15480433659
2101,0.777537559207
2102,0.207698376449
2103,0.981038305883
2104,0.393108843053
2105,0.934875593998
2106,0.348993847068
2107,0.298270272366
2108,2.16026460795
2109,-0.447137315497
2110,-0.113913174006
2111,-0.630013191035
2112,0.0752608430222
2113,0.627215554946
2114,0.533609542701
2115,-1.49948085429
2116,-0.532189405373
2117,-0.125424791813
2118,-0.177991698594
2119,0.986397979285
2120,-0.752359985334
2121,-1.06970085651
2122,0.627233122849
2123,-0.645299944615
2124,0.910787009642
2125,0.322913985796
2126,-0.0810788682699
2127,0.366825634868
2128,-0.289567176704
2129,0.502837176634
2130,-0.0583568064766
2131,-0.0029689818568
2132,0.0776388409806
2133,-0.767863525591
2134,0.727766799831
2135,0.164273844557
2136,-0.27473778247
2137,0.54920456146
2138,0.468660888814
2139,0.800294971175
2140,-0.0350033876017
2141,1.27297399831
2142,0.620577977494
2143,0.441721754955
2144,0.275331400889
2145,0.783142139882
2146,1.47664283733
2147,0.455280897372
2148,0.0232994901392
2149,0.184053957766
2150,0.0933339024021
2151,-1.11635526061
2152,0.473550656767
2153,0.540641873585
2154,0.292184684934
2155,0.787840394395
2156,0.421697958101
2157,-0.944392284629
2158,0.675919209678
2159,0.0731374571663
2160,-0.0102446059535
2161,0.363319630234
2162,0.750863088949
2163,0.867989076702
2164,0.549394522652
2165,-0.193468799244
2166,0.0798481469377
2167,0.944548665624
2168,-0.294181271546
2169,-0.0388392677358
2170,0.596544876664
2171,0.254485335425
2172,-1.02845250915
2173,0.774251387491
2174,0.303579961471
2175,-0.786252747198
2176,-0.330910830273
2177,0.622978805756
2178,-1.05701629247
2179,0.363037005983
2180,1.24661922992
2181,-0.235293210794
2182,0.665273838583
2183,-0.683366391087
2184,0.68153123725
2185,-0.224170263151
2186,0.515450582928
2187,-0.205729567349
2188,-0.265788538376
2189,0.593132641683
2190,1.21450270947
2191,0.294345895165
2192,0.947381846803
2193,-1.06449236898
2194,0.828776469404
2195,-0.479183248923
2196,-0.178687234312
2197,0.178219638462
2198,-1.20144972167
2199,-0.405895346584
2200,0.0922615074974
2201,0.292051255156
2202,0.981014070564
2203,-0.927716159894
2204,-0.160243937162
2205,0.212146811854
2206,0.122331223285
2207,1.07962557605
2208,0.784914444135
2209,0.444816407905
2210,1.07987601813
2211,0.272012976462
2212,0.330204628783
2213,-0.181099323616
2214,1.21139565049
2215,0.483885128149
2216,-0.981961912346
2217,-0.541039931144
2218,0.959660552229
2219,-0.638595578619
2220,0.064948859854
2221,-1.04020474962
2222,-0.126327651093
2223,-0.175672911778
2224,0.669383012111
2225,0.454299076059
2226,0.924331532625
2227,2.05078404817
2228,-0.777401220085
2229,-0.547721043597
2230,1.06791091776
2231,-0.265304459802
2232,0.337314502036
2233,-0.481680992039
2234,-0.0661896965816
2235,-0.715846114192
2236,0.25945770691
2237,0.786383892223
2238,0.338956628821
2239,0.448271735168
2240,-1.25776309791
2241,-2.26532983587
2242,-0.926153195771
2243,-0.741952465628
2244,-0.408713306326
2245,0.025803211345
2246,-0.299225654185
2247,-0.467055941542
2248,0.696737574151
2249,0.0680420451441
2250,0.125204469399
2251,0.573782319408
2252,-1.27220491304
2253,-0.65849682495
2254,0.315210571152
2255,-0.857337943806
2256,-0.0507182994977
2257,-0.0309173212427
2258,-0.656365328362
2259,-0.781312194039
2260,-0.0931825243795
2261,-0.0138718357258
2262,1.70247486637
2263,-0.268159703126
2264,-1.60640894435
2265,0.586707597042
2266,-0.0401037952216
2267,1.08898555802
2268,-0.51713456724
2269,0.489542304423
2270,0.787348516717
2271,0.762907970067
2272,0.0959067737344
2273,1.68101522443
2274,0.0771094126407
2275,0.169515887623
2276,0.944001324405
2277,0.266869511328
2278,-0.222604352151
2279,-0.116706018577
2280,0.512720623297
2281,-0.0446092667017
2282,0.115695403133
2283,-0.55771804655
2284,0.789730006796
2285,1.20958928241
2286,-0.296924621712
2287,0.500670282133
2288,0.0545144416676
2289,0.962676520497
2290,-0.219308372222
2291,-0.303745946265
2292,-0.0509636120666
2293,0.468664329726
2294,0.410961744211
2295,-0.182989384993
2296,-0.605190495474
2297,-0.74300243519
2298,0.966750656261
2299,0.267604651634
2300,-1.08292856741
2301,-0.0383832151772
2302,0.525479632728
2303,0.935738566954
2304,-0.0461146267484
2305,-0.457377698787
2306,-0.230950371448
2307,0.346683997555
2308,-0.788922252321
2309,-0.024293105172
2310,1.36090135995
2311,0.274520552388
2312,-0.896592578863
2313,-0.409288986405
2314,0.56125034033
2315,0.302723866968
2316,0.387537192599
2317,0.95753083897
2318,0.08390905249
2319,-1.04483797606
2320,0.134419171686
2321,-0.340609989997
2322,-0.402644952844
2323,-0.01510181052
2324,1.02841643672
2325,0.429853292476
2326,0.473058101649
2327,-0.0912025769782
2328,-0.0143419546161
2329,0.292280523695
2330,0.8993182846
2331,0.123366039771
2332,-0.475921108257
2333,0.521656367319
2334,0.0939172249984
2335,0.70328698136
2336,0.213628654092
2337,-0.0656780883355
2338,-0.394675222753
2339,0.319955453259
2340,1.17984555026
2341,0.221697990588
2342,0.295575169236
2343,-0.877888271904
2344,0.407402600267
2345,0.395752857862
2346,0.207923183836
2347,0.489200937047
2348,0.255787808268
2349,-0.116817491976
2350,-0.564363781873
2351,0.842323508299
2352,0.0146038044053
2353,0.789074621364
2354,-0.31094723269
2355,0.295746774999
2356,0.901463408339
2357,-0.0419382632343
2358,0.164664146292
2359,0.238521943709
2360,0.621197906399
2361,-0.0726982346689
2362,-0.179316746533
2363,0.53869543591
2364,0.0311587717793
2365,-1.1758742746
2366,-0.0945367413156
2367,-0.461469961908
2368,-1.35411319167
2369,0.104161224931
2370,0.652105429162
2371,0.173228499099
2372,-0.424157903401
2373,-0.0250950067601
2374,0.447850347749
2375,1.18285068985
2376,0.484507030334
2377,-0.748506819049
2378,0.258256651296
2379,-0.0848220358946
2380,-0.911327047517
2381,0.904770045472
2382,0.781618030912
2383,0.61892895004
2384,-0.173605194189
2385,-0.0470737766838
2386,0.624978298074
2387,0.192941102876
2388,-0.0955118999931
2389,0.143730956661
2390,0.203574180741
2391,0.0572452900363
2392,0.776949494664
2393,0.533702211608
2394,-0.203181430417
2395,0.739366073665
2396,1.43744755032
2397,0.583038720166
2398,-0.585400203861
2399,-0.111161332333
2400,0.0602611903705
2401,0.094570433051
2402,-0.426088132482
2403,-0.466162728666
2404,0.950275118016
2405,0.882130932203
2406,0.116521966297
2407,0.321321466636
2408,-0.482116166565
2409,0.00286172329711
2410,-0.724039272617
2411,-2.22391933531
2412,1.00015702175
2413,0.792906388904
2414,1.01233151295
2415,1.22579406611
2416,-0.118241842742
2417,-0.103693503744
2418,0.196510892495
2419,-0.999778503123
2420,0.255001603548
2421,1.39272569113
2422,0.646171871995
2423,0.754843167028
2424,0.25406482559
2425,-0.940356768827
2426,0.552428225501
2427,0.0370543989802
2428,5.90502964188e-05
2429,-0.741129836266
2430,-0.358701372912
2431,0.405134665994
2432,0.0216131402607
2433,0.283608994335
2434,-0.37489554599
2435,0.696985373414
2436,-0.384403572064
2437,0.724928608627
2438,0.830578142729
2439,-0.61825673862
2440,0.134784712421
2441,-0.876800035564
2442,0.347647771907
2443,0.489284218965
2444,-0.603146043452
2445,0.678778436001
2446,0.527850484659
2447,-0.271256033636
2448,0.522507460426
2449,0.598995146105
2450,0.420009909538
2451,-0.473318294235
2452,0.692461108499
2453,1.38833157663
2454,0.518780741118
2455,0.868715628352
2456,-0.558711098691
2457,0.446414502609
2458,0.0964172737711
2459,-0.677262039111
2460,0.185744555396
2461,-0.547255349797
2462,0.16507045071
2463,-1.27734820682
2464,-0.321692213685
2465,0.756816673573
2466,0.25813131154
2467,0.330067459281
2468,-0.774687136271
2469,-1.36659939781
2470,0.544846219543
2471,0.351796242663
2472,0.818006277767
2473,-0.527092593715
2474,0.658653236219
2475,-0.28969490236
2476,-0.229387705486
2477,0.609883261567
2478,-0.107336118234
2479,0.0920800802925
2480,0.441270322421
2481,-0.289292833687
2482,0.0700581158681
2483,1.07200888848
2484,-0.85336878048
2485,-0.10444163328
2486,0.884404763103
2487,1.01757435815
2488,-0.894714514967
2489,0.398634792438
2490,0.0269852909971
2491,0.331053740347
2492,-0.439453498992
2493,-0.28227171206
2494,0.693281295242
2495,0.416698892523
2496,0.538205987372
2497,-0.778034745762
2498,-0.811832117503
2499,-0.693308104949
2500,-0.214935438888
2501,-0.999189547187
2502,0.628775165387
2503,1.14369168189
2504,-0.152153813156
2505,0.738892416495
2506,-0.421225487658
2507,-0.223833378392
2508,1.25929578373
2509,-0.058071834318
2510,0.490638244783
2511,0.351638597008
2512,-0.0777476533788
2513,-0.70803118781
2514,-0.670460770811
2515,1.79709366421
2516,0.86706430912
2517,0.970663763736
2518,-0.87554170767
2519,-1.11710636261
2520,-1.00732839119
2521,-0.256766392443
2522,-0.948016622476
2523,-0.111042743306
2524,0.290427247647
2525,0.434847553204
2526,0.224497953778
2527,0.35836305508
2528,0.816359746955
2529,-0.30820781073
2530,-0.474947633284
2531,-0.662891388474
2532,-0.180465771773
2533,-1.08832641235
2534,-0.806801568922
2535,0.954367816494
2536,0.334357517424
2537,0.221011890379
2538,1.37292067923
2539,-0.744500449371
2540,1.36144802325
2541,1.22024435242
2542,-1.21908430202
2543,0.210267347184
2544,-0.132820514263
2545,-0.132777197542
2546,0.457691023378
2547,-1.22370663703
2548,0.99118609783
2549,-1.34663144215
2550,0.46690493621
2551,1.06715552161
2552,-0.029985779357
2553,0.517039046112
2554,0.481234077573
2555,0.465083058944
2556,0.0541238256388
2557,0.120157245548
2558,0.36915405361
2559,0.00693896976763
2560,-0.265341061698
2561,-0.195828037472
2562,0.730532482185
2563,-0.482450008928
2564,-0.0886650721422
2565,0.536678436184
2566,-0.0703860581055
2567,0.303650002787
2568,0.268177893038
2569,-1.10239615525
2570,-0.903471304288
2571,1.01389333057
2572,1.04024560144
2573,0.991610653237
2574,0.931552888577
2575,-0.408344265592
2576,-0.0416958871016
2577,-0.096380132263
2578,0.0126772706081
2579,0.238799255927
2580,0.197595506715
2581,-0.38746768149
2582,0.630533149913
2583,-0.424687067214
2584,0.925407524847
2585,-0.4468729334
2586,0.165433296499
2587,0.143691252902
2588,0.963800761133
2589,0.581850459871
2590,0.558615335544
2591,0.313720280244
2592,-0.264430700937
2593,-0.448449578504
2594,0.0328900284118
2595,0.100038747143
2596,0.0550717118009
2597,0.634036234388
2598,0.247101164919
2599,-0.156833313061
2600,1.06693596864
2601,-0.0961992608614
2602,0.54194958642
2603,-1.13967767661
2604,-0.525268020252
2605,-0.478818892345
2606,1.09449233991
2607,0.235952855791
2608,-0.0712745949062
2609,1.13661559838
2610,-0.0428231157784
2611,-0.835119665512
2612,-0.271569430898
2613,1.36520647172
2614,-1.25916568282
2615,-0.72213900249
2616,-0.103719099137
2617,0.0595317981324
2618,0.513512489747
2619,-0.20509253679
2620,0.409111949838
2621,0.898294538709
2622,-0.304957741006
2623,-0.0744913642882
2624,0.106475084166
2625,0.0561125206586
2626,-0.319891808886
2627,1.00012121438
2628,0.148552078672
2629,0.473561705256
2630,-0.00468912792535
2631,0.315815060818
2632,0.424795335795
2633,0.117398061369
2634,-0.435037613878
2635,-0.997260843868
2636,0.51345498008
2637,0.163819411907
2638,0.321997501611
2639,0.529547545767
2640,0.958676542613
2641,-0.277121835714
2642,0.626573164117
2643,0.115017514489
2644,-0.574704847606
2645,0.206259958596
2646,0.629918540701
2647,1.31262279328
2648,1.10002546279
2649,0.502160803572
2650,0.441759253726
2651,-0.281630809906
2652,-0.800496571101
2653,0.368427212089
2654,0.127104737413
2655,-0.821957169306
2656,1.32870124503
2657,-0.148069938712
2658,0.535771681446
2659,-0.131273905923
2660,-0.187109076606
2661,1.37153539171
2662,0.625122962708
2663,0.932411129912
2664,0.949570303026
2665,0.1415140238
2666,1.0591174808
2667,-0.0331893206492
2668,0.18394356474
2669,0.598399942925
2670,0.497977894095
2671,0.0159059929634
2672,0.0144404384395
2673,-0.178398651971
2674,0.933558099709
2675,-0.359308817237
2676,0.540742778966
2677,-0.226943624413
2678,-0.254956395871
2679,0.614551129183
2680,0.700705548913
2681,0.0249795885499
2682,-0.480432920112
2683,0.16978690381
2684,0.779455746821
2685,-0.330320718371
2686,-0.410734318135
2687,0.731021246893
2688,0.336180603094
2689,0.00867711291117
2690,0.883266133696
2691,-0.257655684022
2692,-1.44622429433
2693,-0.358827467465
2694,-0.567578591772
2695,-0.0708456018052
2696,0.375368865562
2697,0.755898136954
2698,-0.501435385238
2699,0.640702614688
2700,0.272936052425
2701,0.0829449750357
2702,0.350026189896
2703,-0.366464373907
2704,0.434424660074
2705,1.28906776873
2706,0.537194154561
2707,-0.880688736384
2708,-0.446621941511
2709,0.386824913049
2710,2.37314313339
2711,0.0309493468062
2712,-0.252688445608
2713,-0.28671217967
2714,0.197479852876
2715,0.217698498782
2716,-0.0405502062839
2717,0.148855075936
2718,0.667460445925
2719,0.665819295767
2720,0.375315434198
2721,-0.0571412845971
2722,-0.0674180656757
2723,0.478213476109
2724,0.543408262188
2725,-0.466979624075
2726,0.0195777942267
2727,-0.615078186435
2728,0.954962001621
2729,0.150835696971
2730,1.07092896483
2731,0.616989539535
2732,-1.40284029179
2733,-0.474951138232
2734,-1.71567473693
2735,-0.116108082958
2736,0.0139274029131
2737,0.192976561415
2738,-0.131210189343
2739,-0.926226965667
2740,-0.161114231363
2741,0.238001133042
2742,-0.698837832201
2743,-0.0933875878553
2744,0.340247560605
2745,0.474141385098
2746,-0.262908423804
2747,1.47929426888
2748,0.017911955868
2749,0.55173099118
2750,0.966558884774
2751,0.767904269815
2752,-0.526914158801
2753,0.970713610076
2754,0.525359432731
2755,-0.0889469125955
2756,0.545254076064
2757,0.804780781651
2758,0.321300341985
2759,-1.21403242862
2760,0.218400658934
2761,-0.281915603588
2762,-0.179518891069
2763,0.224044775179
2764,0.402851702649
2765,1.09190218164
2766,-0.0680340006829
2767,-0.0475915966063
2768,0.491447036581
2769,-0.775775275609
2770,0.374982186539
2771,-0.247299426238
2772,0.205486110554
2773,-1.47211858297
2774,-0.124792159566
2775,0.342987989875
2776,0.270512335586
2777,-0.278328654068
2778,0.170323338075
2779,-0.383961350784
2780,0.565273902746
2781,0.950843925574
2782,-1.02845645741
2783,-1.0373604219
2784,0.589766975363
2785,0.562340247608
2786,0.226762448006
2787,0.236018754606
2788,-0.410650304623
2789,-0.186198784251
2790,-0.0300215118887
2791,0.653301785686
2792,0.361979528019
2793,0.811132221614
2794,1.47456395503
2795,1.15680720698
2796,-0.0984794345055
2797,0.528993860505
2798,-0.232791760444
2799,0.0303498444983
2800,-1.13813598299
2801,-0.855120749616
2802,0.436230833478
2803,0.114391822353
2804,0.20721777661
2805,0.324086782585
2806,1.27169052949
2807,-0.452772109805
2808,-0.816535137815
2809,-0.385625039512
2810,-0.876351521007
2811,0.21097951432
2812,-0.0961453724303
2813,-0.368812143281
2814,-0.124522412206
2815,0.132213302978
2816,-0.107715845606
2817,-0.450963455966
2818,-0.3273541404
2819,-0.198755048786
2820,0.625521471162
2821,0.134648158255
2822,0.983399254034
2823,0.15262710474
2824,-0.552215687816
2825,-0.773401337102
2826,-0.0232723496056
2827,0.264798493839
2828,-1.27911740756
2829,-0.316263220483
2830,0.786420703866
2831,1.15668529464
2832,-0.213372991185
2833,-0.414125883139
2834,-0.313415798931
2835,0.353292339869
2836,0.369307007384
2837,0.431359079732
2838,-0.115291772863
2839,1.03932838841
2840,0.747733301005
2841,1.15423246237
2842,0.402061617956
2843,-0.959765050554
2844,-0.55877910949
2845,0.191721407899
2846,0.57771252602
2847,0.205112262612
2848,-1.37108339895
2849,0.175885815907
2850,0.656646992582
2851,1.46364826999
2852,-0.303050691188
2853,-0.0905105614939
2854,0.892786122151
2855,-0.439221523138
2856,0.0762726094162
2857,1.01685987121
2858,-1.39296798034
2859,0.14569209666
2860,0.266348393695
2861,-0.393706755435
2862,1.18068973408
2863,0.317058273662
2864,0.192563968769
2865,-0.373351159149
2866,0.762323720837
2867,0.529824802801
2868,-0.056092916694
2869,1.49148123601
2870,-0.189735538246
2871,-0.505344152186
2872,-1.11338572471
2873,0.454531056477
2874,0.449792586174
2875,-0.40291890429
2876,0.976836738268
2877,0.592980944604
2878,0.342415324955
2879,0.613378627369
2880,-0.161600784081
2881,0.486345275687
2882,-1.03351260393
2883,0.345596829367
2884,-0.362609989118
2885,0.358337195806
2886,0.485179253141
2887,0.264430491974
2888,-0.331108260368
2889,-0.747345505852
2890,-0.0987885770248
2891,0.0766146057571
2892,-0.189714731993
2893,0.0221040386095
2894,-0.909683221602
2895,0.675706853007
2896,0.232617200979
2897,0.595589265471
2898,-0.184120438782
2899,0.570238196737
2900,0.892257109554
2901,0.273658915914
2902,0.725958090652
2903,-0.363654218543
2904,-0.0514267231075
2905,0.169387538519
2906,0.991061221369
2907,-0.170834305083
2908,0.62095806255
2909,0.317348958993
2910,0.259672474485
2911,0.747254576086
2912,0.285430064456
2913,-0.0293932940408
2914,-0.895774262653
2915,-0.377094204509
2916,0.193696229918
2917,0.56229269394
2918,-0.405506375989
2919,-1.45944064935
2920,-0.188760859738
2921,0.0878891553498
2922,-0.581332302017
2923,-0.665037019138
2924,-0.0404343487822
2925,-0.487556045987
2926,-1.49637845381
2927,0.629796537933
2928,0.572630002713
2929,-0.0438457261904
2930,0.942882557455
2931,-0.447661781343
2932,0.559345136174
2933,0.850973780188
2934,0.71653756155
2935,-0.356890232664
2936,0.43982377531
2937,0.140270314848
2938,-0.00204585908219
2939,-0.397875013192
2940,0.247505618459
2941,0.665430986128
2942,-0.0976204599049
2943,0.0992861847519
2944,-0.604923938424
2945,-0.649707954428
2946,-0.313695984557
2947,1.30269349514
2948,-0.119416699375
2949,0.887660865643
2950,-1.19751204642
2951,0.750703038741
2952,-0.277099749747
2953,0.129432963256
2954,0.473051755994
2955,-1.40800708565
2956,0.605123121617
2957,0.791866455774
2958,-0.518179879872
2959,-0.223472407708
2960,0.254635467886
2961,-0.0790876014353
2962,-0.160712918349
2963,-0.340277860005
2964,0.396674591786
2965,-0.00797057903756
2966,0.650668044339
2967,0.37394902863
2968,-0.427652278274
2969,0.720836861977
2970,0.0135512578217
2971,-0.996530107426
2972,2.0524039686
2973,1.01762085118
2974,0.685912901289
2975,0.609114116984
2976,0.156300874091
2977,0.361749680503
2978,1.17452460053
2979,0.924193724361
2980,0.123549357467
2981,0.839043252618
2982,0.532432047113
2983,-0.0625378126217
2984,-0.478419303185
2985,0.329976196728
2986,-0.366498808777
2987,0.707953690085
2988,0.367655277613
2989,-0.708336966273
2990,-0.0859301883283
2991,0.266812209922
2992,-0.356942900712
2993,1.02793897467
2994,-0.0449957783163
2995,0.345979441008
2996,0.428612711263
2997,0.23505464857
2998,0.397819440202
2999,1.280209025
3000,-0.423799508643
3001,0.394467264684
3002,-0.145543838903
3003,0.60336834405
3004,0.144997881727
3005,0.821157704656
3006,-0.453866216579
3007,0.845077587782
3008,0.768928569364
3009,0.788600740046
3010,0.371827249017
3011,-0.0868466093738
3012,0.821301979602
3013,1.55836559552
3014,-0.0111385830169
3015,0.588675476124
3016,-0.356368567731
3017,-0.629936516364
3018,0.0437768436518
3019,0.72381632451
3020,0.348616538494
3021,0.285703276703
3022,1.10569813569
3023,0.313039980639
3024,0.0137584595403
3025,1.04280981558
3026,1.0137774819
3027,1.20268357415
3028,0.780797226437
3029,0.814218118148
3030,0.0377391255163
3031,0.0885923246381
3032,0.035612882617
3033,1.08275506019
3034,-0.460312967082
3035,0.378351670154
3036,0.138868838234
3037,1.66033056594
3038,0.991066508299
3039,0.393318665537
3040,-0.316736701385
3041,-0.932908375611
3042,0.793979719765
3043,0.163127459563
3044,0.325685455149
3045,0.309469898495
3046,1.65202428372
3047,0.770883387953
3048,0.0341955659225
3049,1.50284603423
3050,0.714047112223
3051,0.445066612699
3052,0.704092090872
3053,0.266619442846
3054,0.284805690431
3055,0.107002815679
3056,-0.610067923337
3057,0.257814051412
3058,-0.058745278149
3059,0.606762947935
3060,-1.51992942859
3061,0.947231203625
3062,0.103336501719
3063,0.0913630910931
3064,-0.228395543623
3065,1.19695053195
3066,-0.344012418151
3067,2.37305294537
3068,0.828444476031
3069,0.121432180571
3070,0.101470737139
3071,0.533251725096
3072,-0.0680670596679
3073,0.700991799969
3074,0.58860547465
3075,-1.00930356035
3076,0.0927515267157
3077,-0.192277758559
3078,0.34009959589
3079,0.834123307526
3080,-0.592018617418
3081,-0.530773726063
3082,0.48217359232
3083,0.693936667815
3084,0.628038781846
3085,1.04347038299
3086,1.22372080635
3087,0.464107990812
3088,0.0085138109071
3089,-1.42561162034
3090,-0.97500283639
3091,-0.830649238341
3092,0.626190740131
3093,1.11987721295
3094,0.311142233801
3095,0.865493694347
3096,0.412841833
3097,0.185137943863
3098,0.813668245392
3099,-0.109390774231
3100,0.419553238043
3101,1.1604695295
3102,0.606769831373
3103,0.493291076181
3104,0.172146294287
3105,0.960550132919
3106,0.0513309411541
3107,-0.104308903156
3108,-0.0418304837799
3109,0.496995322208
3110,-0.328790285641
3111,-0.869101146189
3112,0.999972206214
3113,0.540694084113
3114,-0.975246589256
3115,-0.167579422972
3116,-0.574857906335
3117,0.739363009063
3118,0.364407759462
3119,1.48559406618
3120,0.941419861942
3121,0.382040175978
3122,0.571144963098
3123,-0.164671970896
3124,-0.244069667972
3125,0.5300549772
3126,-0.477615695447
3127,1.57882293729
3128,-0.026693658027
3129,0.256164090385
3130,1.10808939762
3131,0.788345172335
3132,-1.53081393509
3133,-0.499435235705
3134,0.609399450166
3135,-0.498071162987
3136,0.125703093087
3137,-0.424614886456
3138,-0.315190071109
3139,-0.363989639961
3140,-0.161994133049
3141,0.317442902901
3142,0.210475391464
3143,0.791698591935
3144,0.0977175139904
3145,0.104535123846
3146,0.345810652598
3147,0.347261703147
3148,0.813115554363
3149,1.02951966997
3150,0.917916796184
3151,0.405078986421
3152,0.686014136732
3153,0.350521929546
3154,0.251024798731
3155,-0.220339209633
3156,1.21180348179
3157,0.426497860914
3158,-0.87970191305
3159,0.511241008924
3160,0.245101931282
3161,0.254395789415
3162,0.218478295648
3163,1.24960755596
3164,-0.399762359362
3165,0.839243939198
3166,-2.3111549628
3167,-1.13159630531
3168,1.23558627593
3169,0.2217627522
3170,-0.347410421123
3171,-1.09584136707
3172,0.66132845016
3173,-0.516677275988
3174,1.87222753573
3175,1.04617454719
3176,0.623528489328
3177,0.0991029138401
3178,-0.111035428163
3179,0.0877838805739
3180,0.100507946969
3181,0.577491064169
3182,-0.18396953067
3183,-0.650730968855
3184,0.361842408718
3185,1.20599706803
3186,0.242200832958
3187,-0.982607256308
3188,0.293967849699
3189,0.130329104202
3190,-0.00881259386445
3191,-0.812442564524
3192,-0.383274738539
3193,-0.514984567833
3194,-0.00328254970951
3195,-0.564616011881
3196,-0.400614068339
3197,0.754623351502
3198,-0.456888103476
3199,1.05670384498
3200,0.64799561153
3201,0.486976797621
3202,0.160461436009
3203,0.212232068964
3204,0.0674587774152
3205,0.677289870361
3206,0.162325903778
3207,-0.137644014291
3208,0.523849962083
3209,0.777642377468
3210,0.296781033466
3211,-2.036701406
3212,0.557943643443
3213,-0.160123821672
3214,0.0444345911378
3215,-0.139278808488
3216,-0.777022197432
3217,0.693970782987
3218,0.406856037938
3219,0.526481060831
3220,-1.01944410036
3221,-0.427439899442
3222,0.408612894293
3223,0.970546298577
3224,0.344816123282
3225,-0.0109287426322
3226,-0.132319138359
3227,-0.696822476008
3228,0.204765305736
3229,-0.628980519836
3230,-0.94472562787
3231,-0.998413984318
3232,0.70452034486
3233,0.316866156224
3234,0.790454447679
3235,-0.361493268455
3236,0.118554944931
3237,-1.12332969726
3238,-0.560542943267
3239,1.71356275872
3240,0.577253170659
3241,0.80587625191
3242,0.200903665183
3243,0.399903618213
3244,-0.14784135641
3245,-0.0516856333461
3246,0.236266182157
3247,0.473422201399
3248,-0.279647911678
3249,0.33621809557
3250,1.48693092587
3251,0.305797961252
3252,1.1327223571
3253,0.294403623732
3254,-0.621673082326
3255,-0.318599996834
3256,1.33118419368
3257,-0.564461669514
3258,-0.710538148239
3259,0.583062705732
3260,0.642855363563
3261,1.13160677718
3262,0.708356892654
3263,-0.558788331284
3264,-0.163883511697
3265,-0.257836226274
3266,0.232166660521
3267,-0.585132163628
3268,0.0949213990099
3269,0.969991460147
3270,0.488169137516
3271,-1.37827915172
3272,0.119862108673
3273,0.273953213885
3274,0.939042733792
3275,0.750747952505
3276,-0.538951564386
3277,0.0452818361098
3278,0.627472664388
3279,0.232099131316
3280,-0.634650707098
3281,0.484011920065
3282,0.41599816712
3283,-0.776785783108
3284,1.04675507112
3285,-0.677344216174
3286,0.0535959432468
3287,0.483632251902
3288,-1.40025577089
3289,0.192887995719
3290,-0.0307135286258
3291,0.235977657361
3292,0.99246658998
3293,0.0433073629513
3294,-1.4854515181
3295,-0.657118568129
3296,0.545834213005
3297,0.496799198105
3298,-0.309017567836
3299,0.298914387008
3300,-0.755126923414
3301,-0.117268938741
3302,0.250922281281
3303,0.101633052762
3304,0.37076420987
3305,-0.00536189319395
3306,0.0406843279194
3307,-0.715416636095
3308,-0.570718821113
3309,-0.0175638044381
3310,0.226882373607
3311,-0.620541337846
3312,0.828014938981
3313,1.02790888042
3314,-0.0255641298658
3315,0.865645568292
3316,1.11618603115
3317,4.62630081635e-05
3318,0.428226573238
3319,-0.826951815643
3320,0.451733883813
3321,0.371772180806
3322,-0.531309957945
3323,0.351304429948
3324,0.555385726151
3325,-0.230172125633
3326,-0.185363291563
3327,0.763076425483
3328,0.964557452252
3329,0.217934091428
3330,-0.156041204526
3331,-0.862467467024
3332,-0.0942946674048
3333,0.144254927528
3334,-0.249723486912
3335,1.37269414623
3336,0.474719756137
3337,-0.454913212104
3338,0.203076457029
3339,-0.255182931704
3340,-0.00721248538946
3341,0.407800771008
3342,0.0878978152302
3343,0.919447498074
3344,-0.162826829269
3345,0.37933504744
3346,0.287191532071
3347,1.11395729391
3348,0.44341500625
3349,0.694254446962
3350,-0.994724676136
3351,1.56326766688
3352,-0.539733288423
3353,-0.597480194381
3354,0.976859631908
3355,-0.433875711403
3356,0.572005235462
3357,0.44998594433
3358,0.160408848126
3359,0.057457913274
3360,0.918600011501
3361,0.365224767528
3362,0.256419578048
3363,-0.279953099003
3364,0.8789555295
3365,-0.239724729719
3366,-0.566551222542
3367,0.0901906900198
3368,0.215274337926
3369,0.825250863749
3370,0.566988890981
3371,0.069286027382
3372,0.315686712389
3373,-0.0759068677828
3374,0.508109264128
3375,-0.260908695537
3376,-0.0635650041395
3377,-0.027299664449
3378,-0.794354887014
3379,-1.07612079253
3380,0.0285249794082
3381,-1.16988750599
3382,-0.266483355314
3383,-0.0358793935997
3384,-0.574109644012
3385,0.302819302744
3386,-0.310929874367
3387,0.0368717199921
3388,0.133903169288
3389,0.0434941915509
3390,0.758015462769
3391,0.203961001933
3392,-0.0124551636419
3393,0.165923875649
3394,0.921917306972
3395,0.897944032212
3396,-0.0132950758919
3397,-0.145405091784
3398,-0.48041712467
3399,0.484130719067
3400,1.21658807372
3401,-1.42457398052
3402,0.269896868046
3403,-0.481679530697
3404,0.4893723545
3405,-0.562379032583
3406,-0.699302517575
3407,-0.364385845965
3408,0.510628636955
3409,-0.959980497281
3410,0.200513687858
3411,0.397365622818
3412,0.358147069065
3413,0.693156899788
3414,1.22683191898
3415,0.0251072890095
3416,-0.466567343681
3417,0.721023069931
3418,0.498776870015
3419,0.954313568386
3420,1.40086630767
3421,1.07374245763
3422,1.09851068663
3423,0.206396206805
3424,0.490863754478
3425,-0.551688535722
3426,1.2170806509
3427,0.551812668036
3428,0.602477383114
3429,0.639113596066
3430,0.974298762602
3431,-0.380438817877
3432,0.860822460497
3433,0.994309563683
3434,0.868513361342
3435,0.163268024827
3436,-0.0315675008072
3437,0.0221727569645
3438,-0.469625166314
3439,-0.0997908537185
3440,1.06196179222
3441,1.05491932447
3442,-0.515692429742
3443,0.417928064353
3444,0.671978824328
3445,-0.2067204321
3446,0.692510396445
3447,0.7872723578
3448,0.693652942527
3449,-0.765277496468
3450,0.992881788897
3451,-0.450414030343
3452,1.61562175575
3453,0.526648325879
3454,0.32383864777
3455,-0.142569775809
3456,0.330654843727
3457,-0.149574712442
3458,0.115249602645
3459,-0.80182450784
3460,0.931888753607
3461,-0.326887158103
3462,0.293143244455
3463,-0.231167138199
3464,0.850320454469
3465,0.31493347019
3466,0.162381040453
3467,-1.03575294822
3468,0.0443722864231
3469,0.112418455025
3470,-0.285046333047
3471,0.665801486572
3472,-0.130154256452
3473,-0.00497252208188
3474,0.30643005878
3475,0.826078447733
3476,-0.0185738001458
3477,0.741951368979
3478,0.240487646983
3479,0.234325440984
3480,1.44355269797
3481,1.1222148036
3482,0.776923832108
3483,0.592546241722
3484,-1.19459918199
3485,-0.313650724833
3486,1.06901505631
3487,0.86644837938
3488,-0.723708309855
3489,-0.246727941756
3490,-0.0293064332891
3491,0.657009228694
3492,0.627378881976
3493,0.0457408387727
3494,-0.749019767955
3495,0.330673602209
3496,-0.578180249328
3497,-1.61760986037
3498,0.28925635267
3499,0.745855956577
3500,0.219656076989
3501,-0.461613128684
3502,0.875915209221
3503,0.0797531513423
3504,0.491798773269
3505,1.07592190234
3506,0.150995644391
3507,0.578784528277
3508,-1.07597003044
3509,-0.4256613335
3510,-1.24501125021
3511,-0.533406000337
3512,1.31695974746
3513,0.133020468556
3514,0.495670010006
3515,0.471190773824
3516,0.18978918672
3517,0.772438244143
3518,0.573966510228
3519,0.877920356802
3520,-0.129646873988
3521,0.619273929846
3522,0.604712259538
3523,-0.77564794383
3524,0.306716189335
3525,0.379129579788
3526,-0.116705525581
3527,0.0680758643031
3528,0.188041117609
3529,-1.00674989729
3530,-0.350223216119
3531,0.718675005945
3532,0.290460240168
3533,1.01485669207
3534,-0.62009499652
3535,-0.153515626241
3536,1.66081265588
3537,-0.596776206349
3538,0.29312847724
3539,-1.00885783026
3540,-0.511387276487
3541,0.172151568207
3542,-0.231697949929
3543,0.864126411781
3544,-0.159271128332
3545,-0.0488470336516
3546,0.580806399077
3547,0.654576442388
3548,-0.247829742611
3549,0.284491321187
3550,-1.03316410445
3551,0.0259475457162
3552,0.674267461192
3553,-0.0133671063111
3554,0.289119159722
3555,1.06297535635
3556,0.0937241980495
3557,0.470915196828
3558,0.348381559019
3559,0.12011988797
3560,-0.284043150674
3561,0.518375589685
3562,-0.248218999676
3563,0.858538933419
3564,0.621750316965
3565,0.957387811789
3566,0.508879808605
3567,-0.776794258648
3568,0.24261895782
3569,-0.337151090675
3570,-0.215863225919
3571,-0.499058237566
3572,-0.500713998101
3573,1.54567333858
3574,-0.93663787888
3575,0.449120568391
3576,0.992436570639
3577,1.29892660814
3578,0.394076293912
3579,-0.379202709253
3580,0.565668588321
3581,-0.189695979933
3582,0.280765117681
3583,-0.297816643612
3584,0.6154060281
3585,0.580569596546
3586,-1.14009640487
3587,-0.186326639202
3588,-0.353546110372
3589,0.869032820406
3590,-0.711789577446
3591,0.55445394532
3592,-0.1089481065
3593,-0.93389759632
3594,0.331138469767
3595,0.208659481307
3596,-1.22913886858
3597,0.865885427716
3598,0.033073054851
3599,0.69516043845
3600,1.19450447911
3601,0.260731330741
3602,-0.47564926105
3603,1.50152194312
3604,0.331723936067
3605,0.871401730614
3606,1.10412109529
3607,0.716353249634
3608,0.313768372945
3609,0.255810844377
3610,0.00407731945092
3611,0.490219203223
3612,0.467934268336
3613,0.486140668072
3614,-0.349430762016
3615,-0.113786273138
3616,-0.0445564687547
3617,0.449083147402
3618,-1.12606440737
3619,-0.5199681736
3620,1.01705357327
3621,0.507147531291
3622,0.833562594508
3623,-0.121992159457
3624,1.33729576054
3625,-1.2545954501
3626,-1.35509950313
3627,0.674173221935
3628,-0.0280177213494
3629,0.415410690555
3630,-1.18463066757
3631,0.265149428493
3632,0.664697504327
3633,1.19695025688
3634,-0.870494035455
3635,-0.925019041158
3636,-0.446594832768
3637,0.561272503031
3638,0.00957610393387
3639,0.510931076326
3640,-0.462473799032
3641,0.376268520374
3642,1.26379693454
3643,-0.639430713737
3644,-0.155361402677
3645,1.17709337649
3646,-0.161425381704
3647,0.295391816862
3648,0.717477710543
3649,0.0223531281284
3650,-1.1491640256
3651,0.847500178651
3652,0.392423610117
3653,0.381989670705
3654,0.213214859153
3655,-0.562564344151
3656,-1.16808030697
3657,0.00068381964924
3658,0.00695966185439
3659,0.11242465596
3660,0.0389133834633
3661,-1.02359047901
3662,-0.668602310064
3663,0.455135338072
3664,-0.330565838284
3665,-1.03317756696
3666,0.315801383118
3667,0.605798646581
3668,0.0585138403961
3669,0.150682096447
3670,0.498043624687
3671,0.552452057984
3672,-0.438325893241
3673,-0.131408771696
3674,-0.498917417203
3675,0.369059480761
3676,0.997154940053
3677,0.410581645955
3678,0.285942914799
3679,0.85176576396
3680,0.949892293705
3681,-0.563941022106
3682,0.940586489887
3683,-1.16097908596
3684,0.9046966709
3685,-0.55675278189
3686,0.0374120038437
3687,-1.12420680849
3688,0.850573836977
3689,0.100782574709
3690,0.425344338158
3691,-0.0412545863605
3692,-0.697331537205
3693,0.636555780592
3694,0.575117992502
3695,0.0179846353449
3696,0.237316176668
3697,1.18294670465
3698,0.698843277702
3699,0.0139506730346
3700,-0.936425288378
3701,1.31957398483
3702,0.913212472367
3703,0.33817916574
3704,0.0449888918956
3705,0.938981971579
3706,-0.171190283138
3707,-0.84922471848
3708,1.30281365023
3709,0.700084691962
3710,-1.29066155932
3711,0.994326832724
3712,-0.259006203738
3713,-0.215482028994
3714,-0.330650726882
3715,0.132249563075
3716,0.497843734261
3717,1.33411818464
3718,0.187267799565
3719,1.38237316944
3720,1.02295518779
3721,-0.788637814795
3722,0.712122633379
3723,0.661742362485
3724,0.623087683822
3725,-0.0632960477832
3726,1.21071785111
3727,0.215105055591
3728,0.121701178451
3729,0.375191130148
3730,-0.888529619522
3731,-0.0674992834236
3732,0.318315134934
3733,0.561043376772
3734,0.881981198719
3735,-0.583895316413
3736,0.629949280489
3737,0.902313811176
3738,-0.562678419344
3739,-0.166221594397
3740,0.204036886809
3741,0.741775640078
3742,0.679516322909
3743,0.40545793961
3744,1.75984882931
3745,-0.00181960152089
3746,0.47280098763
3747,1.05372346218
3748,0.350339084404
3749,0.326297560547
3750,-0.665897124799
3751,0.0183016622636
3752,1.06039840932
3753,-0.213101940121
3754,0.156407612655
3755,-0.751904221883
3756,-0.33937019009
3757,0.377235986361
3758,-0.753258803082
3759,0.943234831914
3760,-0.907937808815
3761,0.403193698424
3762,0.54129801302
3763,0.88655080957
3764,0.260103937034
3765,-0.479631465288
3766,1.43091746452
3767,-0.484392252554
3768,0.115453076552
3769,0.70555634396
3770,0.233723115925
3771,0.329676623337
3772,1.35746912484
3773,0.239108380409
3774,0.241050097572
3775,0.715062932586
3776,-0.140440503569
3777,0.848336896372
3778,0.184342746144
3779,-0.613826501922
3780,-0.16567408268
3781,-0.995944805624
3782,0.388695433461
3783,0.686222331359
3784,0.797640676244
3785,0.816091443752
3786,0.816203707042
3787,1.42274077426
3788,-0.131198191039
3789,0.692658124708
3790,0.708757624147
3791,0.786218319645
3792,0.31436589687
3793,0.373195616787
3794,0.483788941083
3795,0.701379101894
3796,-0.78994050184
3797,0.309337315684
3798,0.303697744579
3799,0.446744560069
3800,0.597182465747
3801,0.027718663137
3802,1.3664046973
3803,1.80687445114
3804,-0.116783560247
3805,0.564668362321
3806,-0.00730482694767
3807,1.56994316019
3808,0.386223487053
3809,0.978839284647
3810,-1.55916561198
3811,0.9543978005
3812,-0.291383936987
3813,0.0775954819325
3814,0.624373049814
3815,0.683863842001
3816,0.871303754517
3817,0.249327965551
3818,0.218826889305
3819,0.320648400114
3820,-0.119827008827
3821,0.342170703274
3822,0.215364623819
3823,-0.932807198144
3824,1.12059172125
3825,-0.0504261097101
3826,1.11940590236
3827,-0.0708078120517
3828,0.709043383907
3829,0.126174675909
3830,0.274238182121
3831,0.174765335718
3832,0.772658268481
3833,0.863784861554
3834,0.738495071285
3835,0.382327080054
3836,-0.930479684581
3837,0.650955431133
3838,0.475185846727
3839,-2.05940758378
3840,-0.759980974876
3841,0.37206723627
3842,0.0419753732902
3843,0.539264966867
3844,-0.925188629407
3845,0.0853558254195
3846,0.475091463394
3847,-0.788569990246
3848,-0.891482615028
3849,0.586239989796
3850,0.128376674363
3851,-0.00817201548962
3852,-0.763758141951
3853,0.310791514523
3854,-0.2700642455
3855,0.75999375046
3856,0.652608172087
3857,0.0405801377061
3858,-0.513325834068
3859,-1.15772560811
3860,-1.62856933978
3861,0.248071630832
3862,0.152093854331
3863,0.256812409529
3864,-0.133014606452
3865,0.347055882162
3866,0.208125386197
3867,0.239622764916
3868,0.832471341054
3869,0.701182210923
3870,0.396070338994
3871,0.297624311181
3872,-0.347579503196
3873,0.292729232736
3874,-0.135663440305
3875,0.896374756792
3876,0.113929459254
3877,-0.484120377766
3878,-0.544598097697
3879,-0.820633660631
3880,0.649120326969
3881,0.356215677168
3882,-0.0438327510283
3883,0.29831183619
3884,0.585454159296
3885,-0.396407639321
3886,-0.101785381202
3887,0.112940793428
3888,0.326409668965
3889,0.678248079903
3890,0.969052019525
3891,1.04782985003
3892,0.33046583083
3893,1.26706566066
3894,-0.482905087975
3895,-0.356617655316
3896,0.894032468115
3897,0.126858924058
3898,-0.434347778186
3899,0.336302346809
3900,1.13604089125
3901,0.229269368847
3902,-0.263772058879
3903,0.0882455233214
3904,-1.02635740156
3905,0.32935080137
3906,-1.58250286659
3907,-0.010019973892
3908,0.605092507891
3909,-0.100079193752
3910,0.964859941275
3911,-0.0855260566579
3912,-0.159434361009
3913,0.090097056287
3914,0.566465140499
3915,0.466239536669
3916,-0.827894035227
3917,0.369238293718
3918,-0.782956440614
3919,0.294646950327
3920,0.207818680815
3921,-0.309274540666
3922,0.0733794747721
3923,-0.314395787624
3924,-1.00734945773
3925,-0.0854073582265
3926,0.0201973593089
3927,-0.344708695819
3928,0.737726501727
3929,0.632091610105
3930,0.704080982295
3931,0.221902815778
3932,-0.0211398656986
3933,0.185096435072
3934,0.656534746185
3935,0.309437480742
3936,0.174549432709
3937,0.512103577786
3938,0.109906942214
3939,0.685394484008
3940,-0.613697062188
3941,-1.06381574805
3942,-1.96437651697
3943,0.843295106354
3944,0.673660326056
3945,-0.694738232672
3946,0.490992994275
3947,-0.499223660884
3948,-0.704192456512
3949,1.0517018017
3950,-1.17826148257
3951,0.293536461168
3952,-0.48703252185
3953,-0.843964485339
3954,-0.0823510416484
3955,-0.429312154833
3956,1.2959128744
3957,0.262181942981
3958,0.157753212286
3959,0.508126395078
3960,0.234963540812
3961,0.484192107605
3962,0.131969567768
3963,0.696280510193
3964,0.99336760253
3965,-0.500739703852
3966,0.306736508846
3967,0.037619059114
3968,-0.176566226625
3969,0.765304560902
3970,0.124907899477
3971,-0.400887919703
3972,0.172363184542
3973,0.946669994302
3974,0.964435201678
3975,-0.658781144137
3976,0.642663040027
3977,-0.206509661465
3978,0.682811056531
3979,0.244011734813
3980,0.674363617106
3981,-0.0432089063637
3982,0.456440444304
3983,0.371795084071
3984,0.281466054261
3985,0.182086459017
3986,0.0127086804988
3987,0.443576779949
3988,0.0114770516352
3989,-0.0247552378788
